x_km,y_km,elevation_m,rainfall_mm
-3.000,-3.000,800.0,587.6
-3.000,-2.739,800.0,587.6
-3.000,-2.478,800.0,587.6
-3.000,-2.217,800.1,587.6
-3.000,-1.957,800.1,587.6
-3.000,-1.696,800.0,587.6
-3.000,-1.435,799.9,587.7
-3.000,-1.174,799.5,587.8
-3.000,-0.913,798.9,588.1
-3.000,-0.652,798.0,588.4
-3.000,-0.391,797.1,588.8
-3.000,-0.130,796.5,589.0
-3.000,0.130,796.4,589.1
-3.000,0.391,796.8,588.9
-3.000,0.652,797.5,588.6
-3.000,0.913,798.4,588.3
-3.000,1.174,799.1,588.0
-3.000,1.435,799.6,587.8
-3.000,1.696,799.9,587.7
-3.000,1.957,800.0,587.6
-3.000,2.217,800.0,587.6
-3.000,2.478,800.0,587.6
-3.000,2.739,800.0,587.6
-3.000,3.000,800.0,587.6
-2.739,-3.000,800.0,571.9
-2.739,-2.739,800.1,571.9
-2.739,-2.478,800.1,571.9
-2.739,-2.217,800.2,571.9
-2.739,-1.957,800.3,571.8
-2.739,-1.696,800.3,571.8
-2.739,-1.435,799.9,572.0
-2.739,-1.174,798.7,572.5
-2.739,-0.913,796.6,573.3
-2.739,-0.652,793.7,574.5
-2.739,-0.391,790.7,575.7
-2.739,-0.130,788.6,576.5
-2.739,0.130,788.2,576.7
-2.739,0.391,789.5,576.2
-2.739,0.652,791.9,575.2
-2.739,0.913,794.7,574.1
-2.739,1.174,797.1,573.1
-2.739,1.435,798.8,572.4
-2.739,1.696,799.7,572.1
-2.739,1.957,800.1,571.9
-2.739,2.217,800.1,571.9
-2.739,2.478,800.1,571.9
-2.739,2.739,800.0,571.9
-2.739,3.000,800.0,572.0
-2.478,-3.000,800.1,572.6
-2.478,-2.739,800.2,572.5
-2.478,-2.478,800.4,572.4
-2.478,-2.217,800.7,572.3
-2.478,-1.957,801.0,572.2
-2.478,-1.696,801.1,572.2
-2.478,-1.435,800.3,572.5
-2.478,-1.174,797.4,573.6
-2.478,-0.913,791.8,575.9
-2.478,-0.652,783.6,579.2
-2.478,-0.391,775.0,582.6
-2.478,-0.130,768.8,585.1
-2.478,0.130,767.3,585.7
-2.478,0.391,770.7,584.3
-2.478,0.652,777.5,581.6
-2.478,0.913,785.4,578.4
-2.478,1.174,792.3,575.7
-2.478,1.435,797.2,573.7
-2.478,1.696,799.7,572.7
-2.478,1.957,800.6,572.4
-2.478,2.217,800.6,572.4
-2.478,2.478,800.4,572.5
-2.478,2.739,800.2,572.5
-2.478,3.000,800.1,572.6
-2.217,-3.000,800.2,589.1
-2.217,-2.739,800.4,589.0
-2.217,-2.478,800.9,588.8
-2.217,-2.217,801.7,588.5
-2.217,-1.957,802.7,588.1
-2.217,-1.696,803.5,587.8
-2.217,-1.435,802.4,588.2
-2.217,-1.174,796.7,590.5
-2.217,-0.913,784.0,595.6
-2.217,-0.652,764.6,603.3
-2.217,-0.391,743.4,611.8
-2.217,-0.130,727.9,618.0
-2.217,0.130,723.6,619.7
-2.217,0.391,731.1,616.7
-2.217,0.652,747.0,610.4
-2.217,0.913,766.0,602.8
-2.217,1.174,783.1,595.9
-2.217,1.435,795.0,591.2
-2.217,1.696,801.1,588.8
-2.217,1.957,802.7,588.1
-2.217,2.217,802.3,588.3
-2.217,2.478,801.3,588.7
-2.217,2.739,800.6,588.9
-2.217,3.000,800.2,589.1
-1.957,-3.000,800.4,611.9
-1.957,-2.739,800.8,611.7
-1.957,-2.478,801.7,611.4
-1.957,-2.217,803.2,610.8
-1.957,-1.957,805.6,609.8
-1.957,-1.696,808.5,608.7
-1.957,-1.435,808.9,608.5
-1.957,-1.174,800.8,611.7
-1.957,-0.913,777.7,621.0
-1.957,-0.652,739.2,636.4
-1.957,-0.391,695.3,654.0
-1.957,-0.130,661.8,667.3
-1.957,0.130,651.0,671.7
-1.957,0.391,664.5,666.3
-1.957,0.652,695.8,653.8
-1.957,0.913,734.6,638.2
-1.957,1.174,770.4,623.9
-1.957,1.435,795.6,613.8
-1.957,1.696,807.8,608.9
-1.957,1.957,809.9,608.1
-1.957,2.217,807.3,609.1
-1.957,2.478,804.0,610.5
-1.957,2.739,801.8,611.4
-1.957,3.000,800.6,611.8
-1.696,-3.000,800.5,627.7
-1.696,-2.739,801.0,627.5
-1.696,-2.478,801.9,627.2
-1.696,-2.217,803.8,626.4
-1.696,-1.957,808.1,624.7
-1.696,-1.696,815.6,621.7
-1.696,-1.435,822.7,618.8
-1.696,-1.174,817.9,620.7
-1.696,-0.913,786.4,633.4
-1.696,-0.652,724.0,658.3
-1.696,-0.391,647.3,689.0
-1.696,-0.130,586.0,713.5
-1.696,0.130,562.5,722.9
-1.696,0.391,581.0,715.5
-1.696,0.652,631.7,695.2
-1.696,0.913,698.6,668.5
-1.696,1.174,763.1,642.7
-1.696,1.435,808.8,624.4
-1.696,1.696,829.1,616.3
-1.696,1.957,829.2,616.2
-1.696,2.217,820.1,619.9
-1.696,2.478,810.7,623.6
-1.696,2.739,804.6,626.1
-1.696,3.000,801.7,627.3
-1.435,-3.000,800.3,627.4
-1.435,-2.739,800.0,627.5
-1.435,-2.478,799.1,627.9
-1.435,-2.217,798.8,628.0
-1.435,-1.957,803.3,626.2
-1.435,-1.696,818.2,620.2
-1.435,-1.435,841.9,610.8
-1.435,-1.174,855.8,605.2
-1.435,-0.913,830.2,615.4
-1.435,-0.652,750.8,647.2
-1.435,-0.391,640.0,691.5
-1.435,-0.130,544.8,729.6
-1.435,0.130,501.5,746.9
-1.435,0.391,518.1,740.3
-1.435,0.652,584.2,713.9
-1.435,0.913,681.2,675.1
-1.435,1.174,781.0,635.1
-1.435,1.435,852.7,606.5
-1.435,1.696,880.3,595.4
-1.435,1.957,871.6,598.9
-1.435,2.217,847.4,608.6
-1.435,2.478,824.9,617.6
-1.435,2.739,810.7,623.3
-1.435,3.000,803.8,626.0
-1.174,-3.000,798.9,611.6
-1.174,-2.739,795.7,612.8
-1.174,-2.478,788.7,615.7
-1.174,-2.217,779.5,619.3
-1.174,-1.957,777.7,620.1
-1.174,-1.696,799.5,611.3
-1.174,-1.435,851.6,590.5
-1.174,-1.174,909.1,567.5
-1.174,-0.913,919.7,563.3
-1.174,-0.652,848.2,591.8
-1.174,-0.391,717.9,644.0
-1.174,-0.130,593.3,693.8
-1.174,0.130,525.1,721.1
-1.174,0.391,526.7,720.4
-1.174,0.652,593.8,693.6
-1.174,0.913,713.2,645.9
-1.174,1.174,848.8,591.6
-1.174,1.435,947.9,552.0
-1.174,1.696,978.1,539.9
-1.174,1.957,949.0,551.5
-1.174,2.217,896.2,572.7
-1.174,2.478,849.9,591.2
-1.174,2.739,821.2,602.6
-1.174,3.000,807.5,608.1
-0.913,-3.000,795.7,590.0
-0.913,-2.739,786.1,593.8
-0.913,-2.478,765.7,602.0
-0.913,-2.217,735.7,614.0
-0.913,-1.957,713.9,622.7
-0.913,-1.696,734.5,614.5
-0.913,-1.435,821.4,579.7
-0.913,-1.174,947.0,529.5
-0.913,-0.913,1030.1,496.2
-0.913,-0.652,1003.3,506.9
-0.913,-0.391,881.8,555.5
-0.913,-0.130,744.3,610.5
-0.913,0.130,653.3,646.9
-0.913,0.391,628.2,657.0
-0.913,0.652,678.7,636.8
-0.913,0.913,808.5,584.9
-0.913,1.174,976.7,517.6
-0.913,1.435,1102.1,467.4
-0.913,1.696,1127.8,457.1
-0.913,1.957,1064.8,482.3
-0.913,2.217,968.5,520.9
-0.913,2.478,886.8,553.5
-0.913,2.739,836.8,573.5
-0.913,3.000,813.0,583.1
-0.652,-3.000,790.2,576.1
-0.652,-2.739,770.4,584.1
-0.652,-2.478,728.5,600.8
-0.652,-2.217,664.1,626.6
-0.652,-1.957,604.0,650.6
-0.652,-1.696,606.1,649.8
-0.652,-1.435,719.8,604.3
-0.652,-1.174,920.3,524.1
-0.652,-0.913,1096.4,453.6
-0.652,-0.652,1141.7,435.5
-0.652,-0.391,1056.6,469.6
-0.652,-0.130,927.8,521.1
-0.652,0.130,825.7,561.9
-0.652,0.391,774.6,582.4
-0.652,0.652,803.2,570.9
-0.652,0.913,939.4,516.4
-0.652,1.174,1140.3,436.1
-0.652,1.435,1292.6,375.2
-0.652,1.696,1310.0,368.2
-0.652,1.957,1205.0,410.2
-0.652,2.217,1055.6,470.0
-0.652,2.478,931.2,519.7
-0.652,2.739,855.5,550.0
-0.652,3.000,819.6,564.4
-0.391,-3.000,783.4,579.0
-0.391,-2.739,751.2,591.8
-0.391,-2.478,683.5,618.9
-0.391,-2.217,576.3,661.8
-0.391,-1.957,464.3,706.6
-0.391,-1.696,428.3,721.0
-0.391,-1.435,545.6,674.1
-0.391,-1.174,799.4,572.6
-0.391,-0.913,1054.8,470.4
-0.391,-0.652,1170.6,424.1
-0.391,-0.391,1131.0,439.9
-0.391,-0.130,1026.7,481.6
-0.391,0.130,931.7,519.6
-0.391,0.391,872.4,543.4
-0.391,0.652,893.9,534.8
-0.391,0.913,1046.2,473.8
-0.391,1.174,1284.7,378.4
-0.391,1.435,1466.3,305.8
-0.391,1.696,1478.3,301.0
-0.391,1.957,1335.0,358.3
-0.391,2.217,1136.8,437.6
-0.391,2.478,972.5,503.3
-0.391,2.739,873.0,543.1
-0.391,3.000,825.7,562.0
-0.130,-3.000,777.4,597.6
-0.130,-2.739,734.7,614.7
-0.130,-2.478,644.7,650.7
-0.130,-2.217,499.8,708.6
-0.130,-1.957,338.0,773.4
-0.130,-1.696,255.4,806.4
-0.130,-1.435,350.0,768.6
-0.130,-1.174,615.2,662.5
-0.130,-0.913,906.4,546.0
-0.130,-0.652,1063.3,483.3
-0.130,-0.391,1059.2,484.9
-0.130,-0.130,984.6,514.7
-0.130,0.130,912.7,543.5
-0.130,0.391,868.8,561.0
-0.130,0.652,905.5,546.4
-0.130,0.913,1084.1,474.9
-0.130,1.174,1357.8,365.4
-0.130,1.435,1565.0,282.6
-0.130,1.696,1578.0,277.4
-0.130,1.957,1413.4,343.2
-0.130,2.217,1186.0,434.2
-0.130,2.478,997.7,509.5
-0.130,2.739,883.6,555.1
-0.130,3.000,829.5,576.8
0.130,-3.000,774.6,621.6
0.130,-2.739,727.2,640.6
0.130,-2.478,627.3,680.5
0.130,-2.217,464.5,745.6
0.130,-1.957,275.5,821.3
0.130,-1.696,158.3,868.1
0.130,-1.435,217.5,844.5
0.130,-1.174,455.7,749.2
0.130,-0.913,736.1,637.0
0.130,-0.652,900.4,571.3
0.130,-0.391,918.1,564.2
0.130,-0.130,872.5,582.5
0.130,0.130,830.0,599.5
0.130,0.391,811.8,606.7
0.130,0.652,869.0,583.9
0.130,0.913,1062.5,506.4
0.130,1.174,1346.2,393.0
0.130,1.435,1559.4,307.7
0.130,1.696,1575.6,301.2
0.130,1.957,1412.5,366.5
0.130,2.217,1185.7,457.2
0.130,2.478,997.6,532.4
0.130,2.739,883.6,578.0
0.130,3.000,829.5,599.7
0.391,-3.000,776.0,637.3
0.391,-2.739,731.7,655.0
0.391,-2.478,638.1,692.4
0.391,-2.217,484.7,753.8
0.391,-1.957,302.6,826.6
0.391,-1.696,179.2,876.0
0.391,-1.435,210.4,863.5
0.391,-1.174,405.2,785.6
0.391,-0.913,649.2,688.0
0.391,-0.652,804.9,625.7
0.391,-0.391,841.5,611.1
0.391,-0.130,824.5,617.9
0.391,0.130,806.4,625.1
0.391,0.391,802.9,626.5
0.391,0.652,859.0,604.1
0.391,0.913,1030.1,535.6
0.391,1.174,1277.8,436.5
0.391,1.435,1463.5,362.3
0.391,1.696,1477.3,356.7
0.391,1.957,1334.7,413.8
0.391,2.217,1136.6,493.0
0.391,2.478,972.5,558.7
0.391,2.739,873.0,598.5
0.391,3.000,825.7,617.4
0.652,-3.000,780.8,635.5
0.652,-2.739,745.6,649.5
0.652,-2.478,671.4,679.2
0.652,-2.217,549.5,728.0
0.652,-1.957,403.9,786.2
0.652,-1.696,303.2,826.5
0.652,-1.435,324.4,818.0
0.652,-1.174,479.4,756.0
0.652,-0.913,684.2,674.1
0.652,-0.652,832.0,615.0
0.652,-0.391,891.8,591.1
0.652,-0.130,903.4,586.4
0.652,0.130,898.9,588.2
0.652,0.391,889.1,592.2
0.652,0.652,913.3,582.5
0.652,0.913,1021.6,539.2
0.652,1.174,1191.1,471.3
0.652,1.435,1319.2,420.1
0.652,1.696,1322.0,419.0
0.652,1.957,1209.6,463.9
0.652,2.217,1057.2,524.9
0.652,2.478,931.6,575.1
0.652,2.739,855.6,605.5
0.652,3.000,819.6,620.0
0.913,-3.000,787.0,616.9
0.913,-2.739,763.2,626.5
0.913,-2.478,713.3,646.4
0.913,-2.217,631.5,679.1
0.913,-1.957,534.9,717.8
0.913,-1.696,471.2,743.3
0.913,-1.435,495.6,733.5
0.913,-1.174,620.0,683.8
0.913,-0.913,790.0,615.7
0.913,-0.652,931.1,559.3
0.913,-0.391,1012.2,526.9
0.913,-0.130,1046.7,513.1
0.913,0.130,1046.6,513.1
0.913,0.391,1018.5,524.4
0.913,0.652,997.3,532.8
0.913,0.913,1028.6,520.3
0.913,1.174,1107.3,488.8
0.913,1.435,1169.1,464.1
0.913,1.696,1157.6,468.7
0.913,1.957,1076.4,501.2
0.913,2.217,972.4,542.8
0.913,2.478,887.9,576.6
0.913,2.739,837.1,596.9
0.913,3.000,813.1,606.5
1.174,-3.000,792.5,591.9
1.174,-2.739,778.9,597.3
1.174,-2.478,750.3,608.7
1.174,-2.217,704.1,627.2
1.174,-1.957,651.3,648.4
1.174,-1.696,621.8,660.2
1.174,-1.435,650.7,648.6
1.174,-1.174,748.4,609.5
1.174,-0.913,884.1,555.2
1.174,-0.652,1010.2,504.8
1.174,-0.391,1098.4,469.5
1.174,-0.130,1143.5,451.5
1.174,0.130,1143.1,451.6
1.174,0.391,1101.2,468.4
1.174,0.652,1047.2,490.0
1.174,0.913,1020.9,500.5
1.174,1.174,1029.5,497.1
1.174,1.435,1040.1,492.8
1.174,1.696,1018.9,501.3
1.174,1.957,964.8,523.0
1.174,2.217,901.5,548.3
1.174,2.478,851.4,568.3
1.174,2.739,821.6,580.2
1.174,3.000,807.6,585.8
1.435,-3.000,796.3,573.9
1.435,-2.739,789.7,576.6
1.435,-2.478,775.9,582.1
1.435,-2.217,754.0,590.8
1.435,-1.957,730.7,600.2
1.435,-1.696,722.7,603.4
1.435,-1.435,750.4,592.3
1.435,-1.174,821.1,564.0
1.435,-0.913,919.8,524.5
1.435,-0.652,1019.0,484.9
1.435,-0.391,1096.0,454.1
1.435,-0.130,1137.9,437.3
1.435,0.130,1136.5,437.8
1.435,0.391,1094.0,454.9
1.435,0.652,1032.7,479.4
1.435,0.913,983.2,499.2
1.435,1.174,957.6,509.4
1.435,1.435,942.5,515.5
1.435,1.696,920.1,524.4
1.435,1.957,887.0,537.7
1.435,2.217,852.6,551.4
1.435,2.478,826.4,561.9
1.435,2.739,811.0,568.0
1.435,3.000,803.9,570.9
1.696,-3.000,798.5,572.7
1.696,-2.739,795.7,573.8
1.696,-2.478,790.1,576.0
1.696,-2.217,781.6,579.4
1.696,-1.957,773.7,582.6
1.696,-1.696,774.9,582.1
1.696,-1.435,795.7,573.8
1.696,-1.174,840.7,555.8
1.696,-0.913,903.7,530.6
1.696,-0.652,970.1,504.0
1.696,-0.391,1024.7,482.2
1.696,-0.130,1055.4,469.9
1.696,0.130,1053.8,470.6
1.696,0.391,1021.1,483.6
1.696,0.652,972.1,503.2
1.696,0.913,926.9,521.3
1.696,1.174,896.3,533.6
1.696,1.435,876.4,541.5
1.696,1.696,859.0,548.5
1.696,1.957,840.7,555.8
1.696,2.217,824.0,562.5
1.696,2.478,811.9,567.3
1.696,2.739,804.9,570.1
1.696,3.000,801.7,571.4
1.957,-3.000,799.5,588.2
1.957,-2.739,798.5,588.5
1.957,-2.478,796.6,589.3
1.957,-2.217,793.9,590.4
1.957,-1.957,792.2,591.1
1.957,-1.696,795.2,589.9
1.957,-1.435,807.8,584.8
1.957,-1.174,832.5,574.9
1.957,-0.913,867.0,561.1
1.957,-0.652,904.5,546.1
1.957,-0.391,936.4,533.4
1.957,-0.130,954.6,526.1
1.957,0.130,953.5,526.6
1.957,0.391,933.5,534.5
1.957,0.652,903.0,546.8
1.957,0.913,873.2,558.6
1.957,1.174,851.2,567.5
1.957,1.435,836.6,573.3
1.957,1.696,825.9,577.6
1.957,1.957,816.9,581.2
1.957,2.217,809.7,584.1
1.957,2.478,804.7,586.1
1.957,2.739,801.9,587.2
1.957,3.000,800.7,587.7
2.217,-3.000,799.8,610.9
2.217,-2.739,799.6,611.0
2.217,-2.478,799.1,611.2
2.217,-2.217,798.4,611.4
2.217,-1.957,798.4,611.5
2.217,-1.696,800.5,610.6
2.217,-1.435,806.8,608.1
2.217,-1.174,818.3,603.5
2.217,-0.913,834.5,597.0
2.217,-0.652,852.4,589.9
2.217,-0.391,867.9,583.7
2.217,-0.130,876.8,580.1
2.217,0.130,876.2,580.3
2.217,0.391,866.2,584.3
2.217,0.652,850.8,590.5
2.217,0.913,835.4,596.7
2.217,1.174,823.4,601.4
2.217,1.435,815.5,604.6
2.217,1.696,810.1,606.8
2.217,1.957,806.2,608.3
2.217,2.217,803.4,609.4
2.217,2.478,801.6,610.2
2.217,2.739,800.7,610.6
2.217,3.000,800.2,610.7
2.478,-3.000,800.0,627.4
2.478,-2.739,799.9,627.4
2.478,-2.478,799.8,627.5
2.478,-2.217,799.7,627.5
2.478,-1.957,799.9,627.4
2.478,-1.696,801.0,627.0
2.478,-1.435,803.5,626.0
2.478,-1.174,808.1,624.1
2.478,-0.913,814.6,621.6
2.478,-0.652,821.8,618.7
2.478,-0.391,828.1,616.1
2.478,-0.130,831.8,614.7
2.478,0.130,831.5,614.8
2.478,0.391,827.4,616.4
2.478,0.652,821.0,619.0
2.478,0.913,814.4,621.6
2.478,1.174,809.2,623.7
2.478,1.435,805.7,625.1
2.478,1.696,803.5,626.0
2.478,1.957,802.0,626.6
2.478,2.217,801.1,627.0
2.478,2.478,800.5,627.2
2.478,2.739,800.2,627.3
2.478,3.000,800.1,627.4
2.739,-3.000,800.0,628.0
2.739,-2.739,800.0,628.0
2.739,-2.478,800.0,628.1
2.739,-2.217,800.0,628.0
2.739,-1.957,800.1,628.0
2.739,-1.696,800.5,627.8
2.739,-1.435,801.4,627.5
2.739,-1.174,803.0,626.9
2.739,-0.913,805.1,626.0
2.739,-0.652,807.6,625.0
2.739,-0.391,809.8,624.1
2.739,-0.130,811.1,623.6
2.739,0.130,811.0,623.6
2.739,0.391,809.5,624.2
2.739,0.652,807.3,625.1
2.739,0.913,805.0,626.1
2.739,1.174,803.1,626.8
2.739,1.435,801.8,627.3
2.739,1.696,801.1,627.6
2.739,1.957,800.6,627.8
2.739,2.217,800.3,627.9
2.739,2.478,800.1,628.0
2.739,2.739,800.1,628.0
2.739,3.000,800.0,628.0
3.000,-3.000,800.0,612.4
3.000,-2.739,800.0,612.4
3.000,-2.478,800.0,612.4
3.000,-2.217,800.0,612.4
3.000,-1.957,800.1,612.3
3.000,-1.696,800.2,612.3
3.000,-1.435,800.4,612.2
3.000,-1.174,800.9,612.0
3.000,-0.913,801.5,611.8
3.000,-0.652,802.3,611.5
3.000,-0.391,802.9,611.2
3.000,-0.130,803.3,611.1
3.000,0.130,803.2,611.1
3.000,0.391,802.8,611.2
3.000,0.652,802.1,611.5
3.000,0.913,801.5,611.8
3.000,1.174,800.9,612.0
3.000,1.435,800.5,612.2
3.000,1.696,800.3,612.3
3.000,1.957,800.1,612.3
3.000,2.217,800.1,612.3
3.000,2.478,800.0,612.4
3.000,2.739,800.0,612.4
3.000,3.000,800.0,612.4
